variant,agent,seed,env_steps,episodes,training_seconds,mean_return,std_return,iqm_return,median_return,success_rate,mean_length,frac_landed,frac_crashed,frac_out_of_bounds,frac_timeout,best_env_step,best_mean_return,best_success_rate
dqn,dqn,0,500000,1598,1113.653,177.4152166624469,136.13780591006991,219.9044495096947,257.74576501023046,0.64,215.27,0.65,0.34,0.0,0.01,400000,222.4430851063444,0.79
dqn,dqn,1,500000,1034,1114.6,178.6735941733527,144.89081989757298,231.42554942361815,256.09700258895697,0.65,201.96,0.65,0.3,0.0,0.05,275000,239.70840386035488,0.87
dqn,dqn,2,500000,1138,1109.789,231.37066469374648,97.33724478979367,271.6548259233187,272.7132637799115,0.75,266.9,0.75,0.14,0.02,0.09,425000,243.32267916011543,0.88
sb3_dqn,sb3_dqn,0,500000,1239,1266.891,149.18700780756598,39.37066984827813,152.41552064737527,153.22368788505173,0.04,909.09,0.04,0.08,0.0,0.88,275000,227.02792172803493,0.81
sb3_dqn,sb3_dqn,1,500000,1211,1247.548,-24.69867349087578,82.50955754001788,-23.168346561097554,-18.838025794989484,0.03,166.31,0.07,0.86,0.05,0.02,375000,229.5693089137513,0.85
sb3_dqn,sb3_dqn,2,500000,1173,1260.927,226.34654818274237,119.01229315131556,266.9851039991175,268.68855172898714,0.84,251.41,0.84,0.12,0.02,0.02,100000,270.64124165592017,0.96
sb3_ppo,sb3_ppo,0,500000,2093,147.559,21.199402217309565,106.41188151883381,-17.13084945473534,-30.592789359149982,0.16,932.32,0.3,0.03,0.0,0.67,500000,21.199402217309565,0.16
sb3_ppo,sb3_ppo,1,500000,2261,131.161,246.69891722455472,32.57938883530224,250.88339693557046,249.45079844858003,0.96,378.16,0.96,0.0,0.0,0.04,500000,246.69891722455472,0.96
sb3_ppo,sb3_ppo,2,500000,2640,135.733,149.96245411276493,53.05410690616382,161.7972466307265,161.53269805374754,0.04,772.47,0.9,0.04,0.0,0.06,500000,149.96245411276493,0.04
