variant,agent,seed,env_steps,episodes,training_seconds,mean_return,std_return,iqm_return,median_return,success_rate,mean_length,frac_landed,frac_crashed,frac_out_of_bounds,frac_timeout,best_env_step,best_mean_return,best_success_rate,steps_to_200
dqn__buffer_size=200000,dqn,0,1000000,3325,3238.871,206.95513791415783,106.31498443215817,246.93951808749847,252.1199730866565,0.76,311.96,0.78,0.17,0.0,0.05,440000,281.46092707415403,0.99,200000.0
dqn__buffer_size=200000,dqn,1,1000000,2795,3171.886,133.18603765984122,158.4086849045672,185.07391683146903,222.30705484853465,0.55,381.0,0.59,0.18,0.09,0.14,820000,276.7173196745347,1.0,80000.0
dqn__buffer_size=200000,dqn,2,1000000,8749,3147.613,-3219.980191372175,1741.8188701050726,-3434.00761976375,-3483.5598299845833,0.0,566.29,0.0,0.0,1.0,0.0,80000,244.41854929661775,0.88,80000.0
dqn__lr=0.0003,dqn,0,1000000,2465,3030.265,191.70412789504422,58.78533841767012,180.49070317182205,174.79981850007502,0.32,834.8,0.32,0.02,0.0,0.66,720000,283.4364683560947,0.99,180000.0
dqn__lr=0.0003,dqn,1,1000000,2773,3077.677,238.729788693802,79.48692614418336,268.02348175688866,270.1610447722958,0.78,289.06,0.78,0.12,0.0,0.1,500000,279.02071882378334,0.96,60000.0
dqn__lr=0.0003,dqn,2,1000000,2747,3076.957,280.68770339277364,33.60929550730606,284.6387100841163,284.4812287138774,0.99,222.43,0.99,0.01,0.0,0.0,960000,281.3489301911297,0.98,140000.0
dqn__target_update_interval=1000,dqn,0,1000000,3416,3268.367,254.17980918444493,82.91346392131076,279.9406971616459,280.92590604083824,0.88,201.85,0.89,0.11,0.0,0.0,640000,272.87772223311265,0.97,600000.0
dqn__target_update_interval=1000,dqn,1,1000000,3195,3152.093,156.57337051505067,113.40273468731361,154.7217454369312,149.95985318525828,0.43,293.17,0.44,0.42,0.0,0.14,220000,274.29836478210257,0.96,200000.0
dqn__target_update_interval=1000,dqn,2,1000000,2804,3238.77,259.84959781881,88.30730152986523,285.9651804261894,287.55391834016615,0.89,191.47,0.89,0.1,0.0,0.01,1000000,259.84959781881,0.89,200000.0
dqn__zoo,dqn,0,1000000,4781,3248.766,-654.576269587691,122.78929425536207,-669.1355529508307,-673.889123364319,0.0,99.93,0.0,0.0,1.0,0.0,400000,226.18649759452802,0.85,60000.0
dqn__zoo,dqn,1,1000000,3980,3213.133,-597.2721941057785,179.61140834064963,-557.9458457332288,-537.9499910103183,0.0,69.32,0.0,0.89,0.11,0.0,160000,253.9412519865204,0.94,160000.0
dqn__zoo,dqn,2,1000000,2840,3245.197,189.0817147221487,123.12314745332608,236.52967160551253,240.69568467306485,0.73,332.75,0.76,0.21,0.02,0.01,560000,282.8969789775408,0.98,120000.0
q_learning__alpha=0.1__tiles_per_dim=3__decay_steps=100000,q_learning,0,1000000,2607,239.649,197.02797507415667,88.16506052849488,221.58374801386154,223.45437504477079,0.72,470.14,0.86,0.04,0.0,0.1,520000,232.48009938871135,0.85,420000.0
q_learning__alpha=0.1__tiles_per_dim=3__decay_steps=100000,q_learning,1,1000000,2582,239.85,179.72798272012835,101.80287400487369,202.48507123670987,204.72410976688423,0.53,458.28,0.9,0.07,0.0,0.03,940000,191.33444461879972,0.62,940000.0
q_learning__alpha=0.1__tiles_per_dim=3__decay_steps=100000,q_learning,2,1000000,2425,240.382,194.91030140573082,93.55157821674511,220.35799623530434,222.58233143063055,0.67,493.45,0.89,0.06,0.0,0.05,540000,138.94604949576893,0.48,540000.0
q_learning__alpha=0.1__tiles_per_dim=3__decay_steps=300000,q_learning,0,1000000,3409,235.664,31.758864282959852,225.88493240679927,103.99089457780609,175.12034111043982,0.3,370.15,0.56,0.37,0.02,0.05,620000,180.53795120685808,0.69,
q_learning__alpha=0.1__tiles_per_dim=3__decay_steps=300000,q_learning,1,1000000,3386,233.334,198.96059497239318,78.64551945070949,218.89709245510636,221.44904419086447,0.67,369.88,0.88,0.09,0.0,0.03,920000,162.4473695703395,0.57,880000.0
q_learning__alpha=0.1__tiles_per_dim=3__decay_steps=300000,q_learning,2,1000000,3496,232.837,170.72340943185347,93.51538468094289,206.59309720718502,212.30439403263847,0.61,450.65,0.75,0.12,0.01,0.12,1000000,170.72340943185347,0.61,
q_learning__alpha=0.1__tiles_per_dim=4__decay_steps=100000,q_learning,0,1000000,2346,239.781,168.30541055377617,109.50363155999254,203.41565955323296,203.8334438731627,0.55,548.49,0.88,0.09,0.0,0.03,940000,185.55437084141465,0.7,940000.0
q_learning__alpha=0.1__tiles_per_dim=4__decay_steps=100000,q_learning,1,1000000,2441,238.45,177.95501283209558,115.52847962820269,215.37464403810563,221.097384981113,0.62,494.34,0.83,0.09,0.01,0.07,780000,206.20918205531282,0.82,340000.0
q_learning__alpha=0.1__tiles_per_dim=4__decay_steps=100000,q_learning,2,1000000,2428,241.519,156.95094734299727,160.0418748044367,210.8738200732081,214.23483208588493,0.61,479.33,0.87,0.11,0.0,0.02,880000,177.64265735877316,0.66,520000.0
q_learning__alpha=0.1__tiles_per_dim=4__decay_steps=300000,q_learning,0,1000000,3762,232.981,135.85035176422045,132.71181121890658,171.26915343028486,179.2443345558936,0.39,565.06,0.6,0.12,0.01,0.27,880000,188.6743362359266,0.69,880000.0
q_learning__alpha=0.1__tiles_per_dim=4__decay_steps=300000,q_learning,1,1000000,3677,233.29,181.28535923121538,113.6761502647519,215.77073613302866,214.82202246097592,0.67,370.03,0.87,0.06,0.05,0.02,760000,156.55169204727076,0.63,760000.0
q_learning__alpha=0.1__tiles_per_dim=4__decay_steps=300000,q_learning,2,1000000,3712,233.564,180.55849613619026,116.24617621816644,215.70882117624853,219.3554401869297,0.66,436.67,0.84,0.06,0.02,0.08,800000,163.3781313376946,0.57,
q_learning__alpha=0.1__tiles_per_dim=6__decay_steps=100000,q_learning,0,1000000,2184,236.672,117.14537427569032,127.53389458090713,160.83463441312537,166.70079508202218,0.14,702.71,0.79,0.09,0.0,0.12,780000,60.336648519783424,0.07,
q_learning__alpha=0.1__tiles_per_dim=6__decay_steps=100000,q_learning,1,1000000,2027,242.36,21.13472409093388,209.98338489749557,95.89471493210112,116.91268985788983,0.0,790.95,0.55,0.16,0.01,0.28,920000,19.504181865321303,0.0,
q_learning__alpha=0.1__tiles_per_dim=6__decay_steps=100000,q_learning,2,1000000,2137,241.461,80.4549880328517,157.33770137743915,133.36004619375743,136.97458608345846,0.04,772.79,0.73,0.11,0.0,0.16,700000,26.905157557930032,0.03,
q_learning__alpha=0.1__tiles_per_dim=6__decay_steps=300000,q_learning,0,1000000,3894,223.448,92.4958709724729,217.18020981374252,186.4314854926332,207.52240522047703,0.57,397.06,0.68,0.24,0.01,0.07,960000,93.50690465508416,0.61,
q_learning__alpha=0.1__tiles_per_dim=6__decay_steps=300000,q_learning,1,1000000,3813,227.708,131.64395399663306,193.86026456349657,212.762059641634,219.2342932825416,0.6,459.23,0.77,0.17,0.0,0.06,940000,125.75845194608566,0.45,
q_learning__alpha=0.1__tiles_per_dim=6__decay_steps=300000,q_learning,2,1000000,3758,227.798,72.81247951943246,178.8620662028039,118.94733637884637,113.8714846770333,0.28,676.81,0.37,0.16,0.01,0.46,860000,108.48783751817732,0.63,
q_learning__alpha=0.3__tiles_per_dim=3__decay_steps=100000,q_learning,0,1000000,2346,237.134,137.3712032254415,99.94841144220888,142.63787732264873,136.34483040106826,0.36,597.9,0.46,0.18,0.0,0.36,880000,201.91517467658724,0.75,560000.0
q_learning__alpha=0.3__tiles_per_dim=3__decay_steps=100000,q_learning,1,1000000,2432,238.348,146.93834751585243,90.92953325369304,162.54693657161542,160.01623180967047,0.32,618.94,0.6,0.09,0.01,0.3,640000,207.26914387408593,0.7,420000.0
q_learning__alpha=0.3__tiles_per_dim=3__decay_steps=100000,q_learning,2,1000000,2449,231.657,164.41481573472632,87.96929784780247,180.21739317882523,185.01350299545783,0.48,600.42,0.55,0.1,0.0,0.35,460000,195.010427515174,0.78,460000.0
q_learning__alpha=0.3__tiles_per_dim=3__decay_steps=300000,q_learning,0,1000000,3450,226.227,184.293077914577,97.51759228467934,216.31826138217878,220.84157051612914,0.66,419.15,0.77,0.09,0.0,0.14,960000,183.4502433861663,0.65,960000.0
q_learning__alpha=0.3__tiles_per_dim=3__decay_steps=300000,q_learning,1,1000000,3394,225.596,190.96985429230776,94.69651931383481,213.2391467961191,223.03600109008795,0.6,520.11,0.72,0.04,0.01,0.23,660000,205.96153869447664,0.64,660000.0
q_learning__alpha=0.3__tiles_per_dim=3__decay_steps=300000,q_learning,2,1000000,3455,228.399,192.73212848234232,70.47532546366152,209.23251680878707,217.12795280810502,0.6,492.48,0.75,0.08,0.0,0.17,720000,190.95345350029692,0.74,720000.0
q_learning__alpha=0.3__tiles_per_dim=4__decay_steps=100000,q_learning,0,1000000,2528,234.772,205.85886752638922,78.29309386815305,225.11114718993585,223.52564128739323,0.78,375.47,0.88,0.05,0.01,0.06,260000,193.50586170963317,0.79,180000.0
q_learning__alpha=0.3__tiles_per_dim=4__decay_steps=100000,q_learning,1,1000000,2525,234.175,238.9589427931136,42.33779374204486,246.3373380814932,245.303624412177,0.93,324.67,0.96,0.02,0.0,0.02,1000000,238.9589427931136,0.93,460000.0
q_learning__alpha=0.3__tiles_per_dim=4__decay_steps=100000,q_learning,2,1000000,2587,233.152,179.66681849686427,75.93232471126704,191.45512584065833,203.71710496358133,0.53,566.46,0.64,0.04,0.0,0.32,680000,203.06495819431373,0.76,360000.0
q_learning__alpha=0.3__tiles_per_dim=4__decay_steps=300000,q_learning,0,1000000,3760,225.478,201.49302328381935,92.76601515166384,235.60432832128035,238.5072367114604,0.76,265.25,0.84,0.14,0.01,0.01,560000,169.11205432069076,0.59,560000.0
q_learning__alpha=0.3__tiles_per_dim=4__decay_steps=300000,q_learning,1,1000000,3768,223.475,223.44602259288436,70.42633692182538,236.84474136034703,237.23320406135042,0.82,301.84,0.96,0.03,0.0,0.01,980000,216.59394299611722,0.79,600000.0
q_learning__alpha=0.3__tiles_per_dim=4__decay_steps=300000,q_learning,2,1000000,3792,223.237,198.01172463921844,69.36868359859074,219.52089548554432,220.489072423692,0.73,367.14,0.85,0.07,0.0,0.08,700000,200.15396705166685,0.69,700000.0
q_learning__alpha=0.3__tiles_per_dim=6__decay_steps=100000,q_learning,0,1000000,2739,229.567,208.8076616400414,116.28268267033691,243.41790484714767,243.5316858976401,0.77,353.7,0.88,0.08,0.0,0.04,960000,237.51211279627253,0.89,520000.0
q_learning__alpha=0.3__tiles_per_dim=6__decay_steps=100000,q_learning,1,1000000,2605,229.302,240.5554276334814,56.85450146537939,253.06705127968192,253.94700202659146,0.93,314.15,0.95,0.03,0.0,0.02,1000000,240.5554276334814,0.93,500000.0
q_learning__alpha=0.3__tiles_per_dim=6__decay_steps=100000,q_learning,2,1000000,2782,227.315,200.95821621710252,104.72973815578402,229.1425444883433,235.78403151493626,0.65,403.7,0.86,0.06,0.0,0.08,960000,220.05923006505623,0.79,460000.0
q_learning__alpha=0.3__tiles_per_dim=6__decay_steps=300000,q_learning,0,1000000,4195,222.336,206.9266302822455,88.99471591077555,231.46894155751758,232.76930252707942,0.78,339.89,0.86,0.05,0.0,0.09,800000,202.55542107306425,0.73,700000.0
q_learning__alpha=0.3__tiles_per_dim=6__decay_steps=300000,q_learning,1,1000000,3974,220.221,204.5766897472062,96.1212959188183,233.3170740862367,234.69360651625882,0.75,330.96,0.84,0.08,0.01,0.07,960000,222.11265019792117,0.89,820000.0
q_learning__alpha=0.3__tiles_per_dim=6__decay_steps=300000,q_learning,2,1000000,4289,219.522,143.73588739894333,114.45938880685377,160.14630891874558,199.31606879202207,0.5,239.51,0.59,0.38,0.0,0.03,720000,200.10190031055998,0.79,
reinforce__lr=0.0003__baseline=normalize__entropy_coef=0,reinforce,0,1000000,3351,285.607,-130.26411013480137,36.21127323862976,-128.84986362480106,-129.09613040172653,0.0,973.18,0.0,0.0,0.1,0.9,920000,-90.27493131620614,0.0,
reinforce__lr=0.0003__baseline=normalize__entropy_coef=0,reinforce,1,1000000,3737,274.666,-142.18536508811658,36.1113557944098,-134.84936115003345,-134.33366123222828,0.0,939.88,0.0,0.0,0.23,0.77,1000000,-142.18536508811658,0.0,
reinforce__lr=0.0003__baseline=normalize__entropy_coef=0,reinforce,2,1000000,3473,287.116,-146.14355585761487,20.12340472311447,-146.02219863712284,-146.6495408476473,0.0,1000.0,0.0,0.0,0.0,1.0,920000,-100.6176327972925,0.0,
reinforce__lr=0.0003__baseline=normalize__entropy_coef=0.01,reinforce,0,1000000,3835,280.271,-119.83955381472468,23.808076708056028,-118.27992739679368,-116.31795556403185,0.0,994.37,0.0,0.0,0.03,0.97,1000000,-119.83955381472468,0.0,
reinforce__lr=0.0003__baseline=normalize__entropy_coef=0.01,reinforce,1,1000000,3966,270.244,-153.14791976364188,58.64501374287943,-144.38589301603324,-136.74308616987526,0.0,795.0,0.0,0.0,0.53,0.47,980000,-151.46083480344657,0.0,
reinforce__lr=0.0003__baseline=normalize__entropy_coef=0.01,reinforce,2,1000000,4046,285.78,-119.65960990026906,40.40432462811681,-115.07796508652446,-116.09627488703285,0.0,940.04,0.0,0.0,0.19,0.81,900000,-75.1207061269998,0.0,
reinforce__lr=0.0003__baseline=value__entropy_coef=0,reinforce,0,1000000,4701,295.184,-94.87601241644468,20.628016098593125,-94.26563284681872,-94.75633283189157,0.0,1000.0,0.0,0.0,0.0,1.0,960000,-91.86757916721926,0.0,
reinforce__lr=0.0003__baseline=value__entropy_coef=0,reinforce,1,1000000,4644,285.315,-110.55325401431463,19.518261190299672,-110.13279405107711,-111.57756366147878,0.0,1000.0,0.0,0.0,0.0,1.0,120000,-45.53403515528743,0.01,
reinforce__lr=0.0003__baseline=value__entropy_coef=0,reinforce,2,1000000,4537,284.476,-97.30235825877752,20.83114201080333,-96.53488831485774,-96.30924326944886,0.0,1000.0,0.0,0.0,0.0,1.0,980000,-86.96762369981822,0.0,
reinforce__lr=0.0003__baseline=value__entropy_coef=0.01,reinforce,0,1000000,4593,290.078,-163.83065704347646,22.848199580962206,-163.63753981723204,-163.8310902755636,0.0,1000.0,0.0,0.0,0.0,1.0,120000,-24.875649525786343,0.08,
reinforce__lr=0.0003__baseline=value__entropy_coef=0.01,reinforce,1,1000000,4548,283.839,-142.3904718799367,37.41886853912188,-136.16094733717398,-131.4163706441469,0.0,964.98,0.0,0.0,0.15,0.85,120000,-31.70177410892652,0.0,
reinforce__lr=0.0003__baseline=value__entropy_coef=0.01,reinforce,2,1000000,4519,290.402,-94.22707554256063,21.282556502877558,-94.18906756348395,-94.14942538645866,0.0,1000.0,0.0,0.0,0.0,1.0,120000,-81.91573407149737,0.0,
reinforce__lr=0.001__baseline=normalize__entropy_coef=0,reinforce,0,1000000,2022,298.474,-16.865296212051042,22.671878483827292,-16.953184444050045,-18.037721264143656,0.0,1000.0,0.0,0.0,0.0,1.0,800000,215.12928967139794,0.78,800000.0
reinforce__lr=0.001__baseline=normalize__entropy_coef=0,reinforce,1,1000000,2223,297.371,-35.46745562915183,22.313308504470122,-35.4795775489753,-36.45045026037015,0.0,1000.0,0.0,0.0,0.0,1.0,960000,-20.747844242104215,0.0,
reinforce__lr=0.001__baseline=normalize__entropy_coef=0,reinforce,2,1000000,1930,298.17,66.90816057168881,70.57473977631714,64.98838787952383,64.56799840814688,0.01,958.41,0.26,0.08,0.0,0.66,780000,152.17195446643967,0.05,
reinforce__lr=0.001__baseline=normalize__entropy_coef=0.01,reinforce,0,1000000,2379,290.231,205.71693165883235,59.60442736470197,221.87779917586272,223.6198142213923,0.74,497.84,0.88,0.05,0.0,0.07,1000000,205.71693165883235,0.74,
reinforce__lr=0.001__baseline=normalize__entropy_coef=0.01,reinforce,1,1000000,2511,285.663,32.58090770942177,68.60485861136885,13.45978781393316,11.91148574823998,0.04,903.16,0.12,0.06,0.0,0.82,960000,127.53078939182305,0.19,
reinforce__lr=0.001__baseline=normalize__entropy_coef=0.01,reinforce,2,1000000,2128,282.531,174.89409842412363,29.519614374864517,178.03539218644605,177.10572522510725,0.17,766.14,0.98,0.0,0.0,0.02,820000,197.1361562878154,0.74,540000.0
reinforce__lr=0.001__baseline=value__entropy_coef=0,reinforce,0,1000000,2613,294.407,-3.6438171132935846,25.8351809223435,-5.520643816647668,-8.080585483046077,0.0,999.32,0.01,0.0,0.0,0.99,840000,109.79096832579522,0.12,
reinforce__lr=0.001__baseline=value__entropy_coef=0,reinforce,1,1000000,2856,288.804,-30.596574380371248,22.00014845584971,-30.545761760080225,-30.874871284911066,0.0,1000.0,0.0,0.0,0.0,1.0,980000,-26.17487417505049,0.0,
reinforce__lr=0.001__baseline=value__entropy_coef=0,reinforce,2,1000000,2502,283.838,-35.912855601483194,48.5331486475935,-31.157312442897034,-29.731244619328088,0.0,988.64,0.03,0.07,0.0,0.9,880000,46.13399348149417,0.12,
reinforce__lr=0.001__baseline=value__entropy_coef=0.01,reinforce,0,1000000,2576,295.657,-26.64380892387172,22.09160968423809,-26.551219042178165,-26.47023636092108,0.0,1000.0,0.0,0.0,0.0,1.0,820000,-26.157657261221516,0.0,
reinforce__lr=0.001__baseline=value__entropy_coef=0.01,reinforce,1,1000000,2813,283.497,-8.428580070696409,30.70031158012159,-12.664405314192614,-15.232447497989757,0.0,1000.0,0.0,0.0,0.0,1.0,680000,91.28909420494595,0.08,
reinforce__lr=0.001__baseline=value__entropy_coef=0.01,reinforce,2,1000000,3052,289.766,156.95562533189107,82.13769860960706,180.74711637482986,184.7008738668651,0.29,769.66,0.9,0.04,0.0,0.06,1000000,156.95562533189107,0.29,
reinforce__lr=0.003__baseline=normalize__entropy_coef=0,reinforce,0,1000000,2342,283.874,146.15517484912723,28.652231626581546,145.6301672810382,143.4325718671743,0.02,981.75,0.02,0.01,0.0,0.97,740000,192.58320975141265,0.66,660000.0
reinforce__lr=0.003__baseline=normalize__entropy_coef=0,reinforce,1,1000000,2159,289.623,142.51350584893947,28.196941251117302,141.98536346561704,140.76889156515892,0.01,975.26,0.01,0.02,0.0,0.97,340000,170.62678471121777,0.47,
reinforce__lr=0.003__baseline=normalize__entropy_coef=0,reinforce,2,1000000,2632,278.182,92.3689678074545,86.53064291670012,92.67987215570248,108.47510503514508,0.17,603.12,0.19,0.35,0.0,0.46,800000,171.0204531293242,0.46,
reinforce__lr=0.003__baseline=normalize__entropy_coef=0.01,reinforce,0,1000000,3222,272.499,237.59370923326517,66.04557037585388,255.5568029137511,260.14139184503404,0.91,291.68,0.93,0.07,0.0,0.0,880000,240.04271183845864,0.92,700000.0
reinforce__lr=0.003__baseline=normalize__entropy_coef=0.01,reinforce,1,1000000,3461,262.603,157.14900471175918,116.32529751110775,194.11477200529234,195.68130020786123,0.46,433.73,0.8,0.16,0.02,0.02,360000,192.04713715119334,0.68,360000.0
reinforce__lr=0.003__baseline=normalize__entropy_coef=0.01,reinforce,2,1000000,4399,258.173,216.8723373436861,91.3208811083214,251.44896435880372,251.615273526389,0.82,273.91,0.85,0.15,0.0,0.0,340000,228.62635473787503,0.92,340000.0
reinforce__lr=0.003__baseline=value__entropy_coef=0,reinforce,0,1000000,2032,291.179,148.146334303234,70.01204933152442,155.21635821715813,167.24437989084424,0.28,676.27,0.55,0.05,0.0,0.4,620000,170.88390775874342,0.45,
reinforce__lr=0.003__baseline=value__entropy_coef=0,reinforce,1,1000000,4117,261.569,260.6846802097891,49.99241986174727,267.99096840655227,266.87362539595586,0.97,260.82,0.97,0.03,0.0,0.0,940000,276.306723671704,1.0,480000.0
reinforce__lr=0.003__baseline=value__entropy_coef=0,reinforce,2,1000000,2849,275.454,155.50767030465434,75.84189577040338,157.34944089354175,148.8579741690117,0.32,704.96,0.33,0.11,0.0,0.56,480000,185.1409160083919,0.56,480000.0
reinforce__lr=0.003__baseline=value__entropy_coef=0.01,reinforce,0,1000000,2017,286.952,109.55325102797998,53.10326696084069,100.73258495861856,90.76391049216699,0.06,903.83,0.36,0.0,0.0,0.64,640000,167.7580865701988,0.42,
reinforce__lr=0.003__baseline=value__entropy_coef=0.01,reinforce,1,1000000,2120,292.833,114.7747106462012,58.51753939306031,104.49885668845673,104.52639910307084,0.12,893.42,0.21,0.02,0.0,0.77,540000,143.11513701281044,0.3,
reinforce__lr=0.003__baseline=value__entropy_coef=0.01,reinforce,2,1000000,1885,295.196,118.07838261800406,40.78714864247921,111.43786433466352,110.19835870271699,0.06,970.37,0.06,0.0,0.0,0.94,640000,146.0766407641201,0.2,
