variant,agent,seeds,mean_return,mean_return_ci_low,mean_return_ci_high,success_rate,success_rate_ci_low,success_rate_ci_high,best_mean_return,best_mean_return_ci_low,best_mean_return_ci_high,iqm_over_seeds,seed_min_return,seed_max_return,runs_reaching_200,median_steps_to_200,env_steps,episodes,training_minutes,frac_landed,frac_crashed,frac_out_of_bounds,frac_timeout
dqn__buffer_size=200000,dqn,3,-959.9463385993919,-3219.980191372175,206.95513791415783,0.4366666666666667,0.0,0.7600000000000001,267.5322653484355,244.41854929661773,281.46092707415403,-959.9463385993919,-3219.980191372175,206.95513791415783,3,80000.0,1000000.0,4956.333333333333,53.10205555555555,0.4566666666666667,0.11666666666666665,0.36333333333333334,0.06333333333333334
dqn__lr=0.0003,dqn,3,237.0405399938733,191.70412789504425,280.68770339277364,0.6966666666666667,0.32,0.9899999999999999,281.2687057903359,279.02071882378334,283.4364683560947,237.0405399938733,191.70412789504422,280.68770339277364,3,140000.0,1000000.0,2661.6666666666665,51.02721666666666,0.6966666666666667,0.049999999999999996,0.0,0.25333333333333335
dqn__target_update_interval=1000,dqn,3,223.53425917276854,156.57337051505067,259.84959781881,0.7333333333333334,0.43,0.89,269.00856161134175,259.84959781881,274.29836478210257,223.53425917276854,156.57337051505067,259.84959781881,3,200000.0,1000000.0,3138.3333333333335,53.66238888888889,0.7400000000000001,0.21,0.0,0.05000000000000001
dqn__zoo,dqn,3,-354.25558299044025,-654.576269587691,189.0817147221487,0.24333333333333332,0.0,0.73,254.34157618619642,226.18649759452805,282.8969789775408,-354.25558299044025,-654.576269587691,189.0817147221487,3,120000.0,1000000.0,3867.0,53.928311111111114,0.25333333333333335,0.3666666666666667,0.3766666666666667,0.0033333333333333335
q_learning__alpha=0.1__tiles_per_dim=3__decay_steps=100000,q_learning,3,190.5554197333386,179.72798272012835,197.02797507415667,0.64,0.53,0.7200000000000001,187.58686450109334,138.94604949576893,232.48009938871135,190.5554197333386,179.72798272012835,197.02797507415667,3,540000.0,1000000.0,2538.0,3.999338888888889,0.8833333333333333,0.05666666666666667,0.0,0.06
q_learning__alpha=0.1__tiles_per_dim=3__decay_steps=300000,q_learning,3,133.81428956240217,31.758864282959852,198.96059497239318,0.5266666666666667,0.3,0.67,171.23624340301703,162.4473695703395,180.53795120685808,133.81428956240217,31.758864282959852,198.96059497239318,1,,1000000.0,3430.3333333333335,3.899083333333334,0.73,0.19333333333333333,0.01,0.06666666666666667
q_learning__alpha=0.1__tiles_per_dim=4__decay_steps=100000,q_learning,3,167.73712357628966,156.95094734299727,177.95501283209558,0.5933333333333333,0.55,0.62,189.80207008516686,177.64265735877316,206.20918205531282,167.7371235762897,156.95094734299727,177.95501283209558,3,520000.0,1000000.0,2405.0,3.998611111111111,0.86,0.09666666666666666,0.0033333333333333335,0.04
q_learning__alpha=0.1__tiles_per_dim=4__decay_steps=300000,q_learning,3,165.89806904387535,135.85035176422045,181.28535923121538,0.5733333333333334,0.38999999999999996,0.67,169.53471987363068,156.55169204727076,188.6743362359266,165.89806904387535,135.85035176422045,181.28535923121538,2,880000.0,1000000.0,3717.0,3.887972222222222,0.77,0.08,0.02666666666666667,0.12333333333333335
q_learning__alpha=0.1__tiles_per_dim=6__decay_steps=100000,q_learning,3,72.91169546649196,21.13472409093388,117.14537427569032,0.060000000000000005,0.0,0.14,35.58199598101158,19.504181865321303,60.33664851978343,72.91169546649196,21.13472409093388,117.14537427569032,0,,1000000.0,2116.0,4.0027388888888895,0.6900000000000001,0.12,0.0033333333333333335,0.18666666666666668
q_learning__alpha=0.1__tiles_per_dim=6__decay_steps=300000,q_learning,3,98.98410149617946,72.81247951943246,131.64395399663306,0.48333333333333334,0.28,0.6,109.25106470644903,93.50690465508416,125.75845194608566,98.98410149617946,72.81247951943246,131.64395399663306,0,,1000000.0,3821.6666666666665,3.7719666666666662,0.6066666666666668,0.19000000000000003,0.006666666666666667,0.19666666666666668
q_learning__alpha=0.3__tiles_per_dim=3__decay_steps=100000,q_learning,3,149.57478882534008,137.3712032254415,164.41481573472632,0.38666666666666666,0.32,0.48,201.39824868861572,195.010427515174,207.26914387408593,149.57478882534008,137.3712032254415,164.41481573472632,3,460000.0,1000000.0,2409.0,3.92855,0.5366666666666667,0.12333333333333334,0.0033333333333333335,0.3366666666666666
q_learning__alpha=0.3__tiles_per_dim=3__decay_steps=300000,q_learning,3,189.33168689640902,184.293077914577,192.73212848234232,0.62,0.6,0.66,193.45507852697997,183.4502433861663,205.96153869447664,189.33168689640902,184.293077914577,192.73212848234232,3,720000.0,1000000.0,3433.0,3.779011111111111,0.7466666666666667,0.07,0.0033333333333333335,0.18000000000000002
q_learning__alpha=0.3__tiles_per_dim=4__decay_steps=100000,q_learning,3,208.16154293878904,179.66681849686427,238.9589427931136,0.7466666666666667,0.53,0.93,211.8432542323535,193.5058617096332,238.9589427931136,208.161542938789,179.66681849686427,238.9589427931136,3,360000.0,1000000.0,2546.6666666666665,3.90055,0.8266666666666667,0.036666666666666674,0.0033333333333333335,0.13333333333333333
q_learning__alpha=0.3__tiles_per_dim=4__decay_steps=300000,q_learning,3,207.65025683864073,198.01172463921844,223.44602259288436,0.77,0.73,0.82,195.28665478949162,169.11205432069076,216.59394299611722,207.65025683864073,198.01172463921844,223.44602259288436,3,600000.0,1000000.0,3773.3333333333335,3.7343888888888883,0.8833333333333333,0.08,0.0033333333333333335,0.03333333333333333
q_learning__alpha=0.3__tiles_per_dim=6__decay_steps=100000,q_learning,3,216.77376849687508,200.95821621710252,240.5554276334814,0.7833333333333333,0.65,0.93,232.70892349827008,220.05923006505623,240.5554276334814,216.77376849687508,200.95821621710252,240.5554276334814,3,500000.0,1000000.0,2708.6666666666665,3.812133333333333,0.8966666666666666,0.056666666666666664,0.0,0.04666666666666667
q_learning__alpha=0.3__tiles_per_dim=6__decay_steps=300000,q_learning,3,185.079735809465,143.73588739894333,206.9266302822455,0.6766666666666667,0.5,0.7799999999999999,208.25665719384847,200.10190031055996,222.11265019792117,185.079735809465,143.73588739894333,206.9266302822455,2,820000.0,1000000.0,4152.666666666667,3.6782166666666662,0.7633333333333333,0.17,0.0033333333333333335,0.06333333333333334
reinforce__lr=0.0003__baseline=normalize__entropy_coef=0,reinforce,3,-139.5310103601776,-146.14355585761487,-130.26411013480137,0.0,0.0,0.0,-111.02597640053841,-142.18536508811658,-90.27493131620615,-139.5310103601776,-146.14355585761487,-130.26411013480137,0,,1000000.0,3520.3333333333335,4.707716666666667,0.0,0.0,0.11,0.89
reinforce__lr=0.0003__baseline=normalize__entropy_coef=0.01,reinforce,3,-130.8823611595452,-153.14791976364188,-119.65960990026906,0.0,0.0,0.0,-115.47369824839036,-151.46083480344657,-75.1207061269998,-130.8823611595452,-153.14791976364188,-119.65960990026906,0,,1000000.0,3949.0,4.646083333333334,0.0,0.0,0.25,0.75
reinforce__lr=0.0003__baseline=value__entropy_coef=0,reinforce,3,-100.91054156317894,-110.55325401431463,-94.87601241644468,0.0,0.0,0.0,-74.78974600744164,-91.86757916721926,-45.53403515528743,-100.91054156317894,-110.55325401431463,-94.87601241644468,0,,1000000.0,4627.333333333333,4.805416666666667,0.0,0.0,0.0,1.0
reinforce__lr=0.0003__baseline=value__entropy_coef=0.01,reinforce,3,-133.48273482199127,-163.83065704347646,-94.22707554256063,0.0,0.0,0.0,-46.16438590207008,-81.91573407149737,-24.875649525786343,-133.48273482199127,-163.83065704347646,-94.22707554256063,0,,1000000.0,4553.333333333333,4.8017722222222226,0.0,0.0,0.049999999999999996,0.9500000000000001
reinforce__lr=0.001__baseline=normalize__entropy_coef=0,reinforce,3,4.8584695768286466,-35.46745562915183,66.90816057168881,0.0033333333333333335,0.0,0.01,115.51779996524446,-20.747844242104215,215.12928967139794,4.8584695768286466,-35.46745562915183,66.90816057168881,1,,1000000.0,2058.3333333333335,4.966750000000001,0.08666666666666667,0.02666666666666667,0.0,0.8866666666666667
reinforce__lr=0.001__baseline=normalize__entropy_coef=0.01,reinforce,3,137.73064593079258,32.58090770942177,205.71693165883235,0.3166666666666667,0.04,0.7399999999999999,176.79462577949027,127.53078939182303,205.71693165883235,137.73064593079258,32.58090770942177,205.71693165883235,1,,1000000.0,2339.3333333333335,4.769027777777778,0.66,0.03666666666666667,0.0,0.3033333333333333
reinforce__lr=0.001__baseline=value__entropy_coef=0,reinforce,3,-23.38441569838268,-35.912855601483194,-3.6438171132935846,0.0,0.0,0.0,43.2500292107463,-26.17487417505049,109.79096832579522,-23.38441569838267,-35.912855601483194,-3.6438171132935846,0,,1000000.0,2657.0,4.816938888888888,0.013333333333333334,0.023333333333333334,0.0,0.9633333333333334
reinforce__lr=0.001__baseline=value__entropy_coef=0.01,reinforce,3,40.627745445774316,-26.64380892387172,156.95562533189107,0.09666666666666666,0.0,0.29,74.0290207585385,-26.157657261221516,156.95562533189107,40.627745445774316,-26.64380892387172,156.95562533189107,0,,1000000.0,2813.6666666666665,4.827333333333334,0.3,0.013333333333333334,0.0,0.6866666666666666
reinforce__lr=0.003__baseline=normalize__entropy_coef=0,reinforce,3,127.01254950184041,92.3689678074545,146.15517484912723,0.06666666666666667,0.01,0.17,178.07681586398488,170.62678471121777,192.58320975141268,127.01254950184041,92.3689678074545,146.15517484912723,1,,1000000.0,2377.6666666666665,4.73155,0.07333333333333333,0.12666666666666668,0.0,0.7999999999999999
reinforce__lr=0.003__baseline=normalize__entropy_coef=0.01,reinforce,3,203.87168376290347,157.14900471175918,237.59370923326517,0.73,0.46,0.91,220.23873457584236,192.04713715119337,240.04271183845864,203.87168376290347,157.14900471175918,237.59370923326517,3,360000.0,1000000.0,3694.0,4.4070833333333335,0.86,0.12666666666666668,0.006666666666666667,0.006666666666666667
reinforce__lr=0.003__baseline=value__entropy_coef=0,reinforce,3,188.1128949392258,148.146334303234,260.6846802097891,0.5233333333333333,0.28,0.9700000000000001,210.77718247961312,170.88390775874345,276.306723671704,188.1128949392258,148.146334303234,260.6846802097891,2,480000.0,1000000.0,2999.3333333333335,4.601122222222222,0.6166666666666667,0.06333333333333334,0.0,0.32
reinforce__lr=0.003__baseline=value__entropy_coef=0.01,reinforce,3,114.13544809739507,109.55325102797998,118.07838261800406,0.08,0.06,0.12,152.3166214490431,143.11513701281044,167.7580865701988,114.13544809739507,109.55325102797998,118.07838261800406,0,,1000000.0,2007.3333333333333,4.861005555555556,0.20999999999999996,0.006666666666666667,0.0,0.7833333333333333
